Metric, Organic positions: 1–3, Organic positions: 4–10, Organic positions: 51+, Organic entities (traffic): Daisy IPTV, Organic entities (traffic): Reddit, Organic entities (traffic): YourIPTV, Organic entities (traffic): Your-IPTV, Avg. organic traffic by intent: Transactional
Volume, -, -, -, Monthly volume, Monthly volume, Monthly volume, Monthly volume, -
Location, All locations, All locations, All locations, All locations, All locations, All locations, All locations, All locations
2015-06-01, 0, 0, 0, 0, 0, 0, 0, 0
2015-06-08, 0, 0, 0, 0, 0, 0, 0, 0
2015-06-15, 0, 0, 0, 0, 0, 0, 0, 0
2015-06-22, 0, 0, 0, 0, 0, 0, 0, 0
2015-06-29, 0, 0, 0, 0, 0, 0, 0, 0
2015-07-06, 0, 0, 0, 0, 0, 0, 0, 0
2015-07-13, 0, 0, 0, 0, 0, 0, 0, 0
2015-07-20, 0, 0, 0, 0, 0, 0, 0, 0
2015-07-27, 0, 0, 0, 0, 0, 0, 0, 0
2015-08-03, 0, 0, 0, 0, 0, 0, 0, 0
2015-08-10, 0, 0, 0, 0, 0, 0, 0, 0
2015-08-17, 0, 0, 0, 0, 0, 0, 0, 0
2015-08-24, 0, 0, 0, 0, 0, 0, 0, 0
2015-08-31, 0, 0, 0, 0, 0, 0, 0, 0
2015-09-07, 0, 0, 0, 0, 0, 0, 0, 0
2015-09-14, 0, 0, 0, 0, 0, 0, 0, 0
2015-09-21, 0, 0, 0, 0, 0, 0, 0, 0
2015-09-28, 0, 0, 0, 0, 0, 0, 0, 0
2015-10-05, 0, 0, 0, 0, 0, 0, 0, 0
2015-10-12, 0, 0, 0, 0, 0, 0, 0, 0
2015-10-19, 0, 0, 0, 0, 0, 0, 0, 0
2015-10-26, 0, 0, 0, 0, 0, 0, 0, 0
2015-11-02, 0, 0, 0, 0, 0, 0, 0, 0
2015-11-09, 0, 0, 0, 0, 0, 0, 0, 0
2015-11-16, 0, 0, 0, 0, 0, 0, 0, 0
2015-11-23, 0, 0, 0, 0, 0, 0, 0, 0
2015-11-30, 0, 0, 0, 0, 0, 0, 0, 0
2015-12-07, 0, 0, 0, 0, 0, 0, 0, 0
2015-12-14, 0, 0, 0, 0, 0, 0, 0, 0
2015-12-21, 0, 0, 0, 0, 0, 0, 0, 0
2015-12-28, 0, 0, 0, 0, 0, 0, 0, 0
2016-01-04, 0, 0, 0, 0, 0, 0, 0, 0
2016-01-11, 0, 0, 0, 0, 0, 0, 0, 0
2016-01-18, 0, 0, 0, 0, 0, 0, 0, 0
2016-01-25, 0, 0, 0, 0, 0, 0, 0, 0
2016-02-01, 0, 0, 0, 0, 0, 0, 0, 0
2016-02-08, 0, 0, 0, 0, 0, 0, 0, 0
2016-02-15, 0, 0, 0, 0, 0, 0, 0, 0
2016-02-22, 0, 0, 0, 0, 0, 0, 0, 0
2016-02-29, 0, 0, 0, 0, 0, 0, 0, 0
2016-03-07, 0, 0, 0, 0, 0, 0, 0, 0
2016-03-14, 0, 0, 0, 0, 0, 0, 0, 0
2016-03-21, 0, 0, 0, 0, 0, 0, 0, 0
2016-03-28, 0, 0, 0, 0, 0, 0, 0, 0
2016-04-04, 0, 0, 0, 0, 0, 0, 0, 0
2016-04-11, 0, 0, 0, 0, 0, 0, 0, 0
2016-04-18, 0, 0, 0, 0, 0, 0, 0, 0
2016-04-25, 0, 0, 0, 0, 0, 0, 0, 0
2016-05-02, 0, 0, 0, 0, 0, 0, 0, 0
2016-05-09, 0, 0, 0, 0, 0, 0, 0, 0
2016-05-16, 0, 0, 0, 0, 0, 0, 0, 0
2016-05-23, 0, 0, 0, 0, 0, 0, 0, 0
2016-05-30, 0, 0, 0, 0, 0, 0, 0, 0
2016-06-06, 0, 0, 0, 0, 0, 0, 0, 0
2016-06-13, 0, 0, 0, 0, 0, 0, 0, 0
2016-06-20, 0, 0, 0, 0, 0, 0, 0, 0
2016-06-27, 0, 0, 0, 0, 0, 0, 0, 0
2016-07-04, 0, 0, 0, 0, 0, 0, 0, 0
2016-07-11, 0, 0, 0, 0, 0, 0, 0, 0
2016-07-18, 0, 0, 0, 0, 0, 0, 0, 0
2016-07-25, 0, 0, 0, 0, 0, 0, 0, 0
2016-08-01, 0, 0, 0, 0, 0, 0, 0, 0
2016-08-08, 0, 0, 0, 0, 0, 0, 0, 0
2016-08-15, 0, 0, 0, 0, 0, 0, 0, 0
2016-08-22, 0, 0, 0, 0, 0, 0, 0, 0
2016-08-29, 0, 0, 0, 0, 0, 0, 0, 0
2016-09-05, 0, 0, 0, 0, 0, 0, 0, 0
2016-09-12, 0, 0, 0, 0, 0, 0, 0, 0
2016-09-19, 0, 0, 0, 0, 0, 0, 0, 0
2016-09-26, 0, 0, 0, 0, 0, 0, 0, 0
2016-10-03, 0, 0, 0, 0, 0, 0, 0, 0
2016-10-10, 0, 0, 0, 0, 0, 0, 0, 0
2016-10-17, 0, 0, 0, 0, 0, 0, 0, 0
2016-10-24, 0, 0, 0, 0, 0, 0, 0, 0
2016-10-31, 0, 0, 0, 0, 0, 0, 0, 0
2016-11-07, 0, 0, 0, 0, 0, 0, 0, 0
2016-11-14, 0, 0, 0, 0, 0, 0, 0, 0
2016-11-21, 0, 0, 0, 0, 0, 0, 0, 0
2016-11-28, 0, 0, 0, 0, 0, 0, 0, 0
2016-12-05, 0, 0, 0, 0, 0, 0, 0, 0
2016-12-12, 0, 0, 0, 0, 0, 0, 0, 0
2016-12-19, 0, 0, 0, 0, 0, 0, 0, 0
2016-12-26, 0, 0, 0, 0, 0, 0, 0, 0
2017-01-02, 0, 0, 0, 0, 0, 0, 0, 0
2017-01-09, 0, 0, 0, 0, 0, 0, 0, 0
2017-01-16, 0, 0, 0, 0, 0, 0, 0, 0
2017-01-23, 0, 0, 0, 0, 0, 0, 0, 0
2017-01-30, 0, 0, 0, 0, 0, 0, 0, 0
2017-02-06, 0, 0, 0, 0, 0, 0, 0, 0
2017-02-13, 0, 0, 0, 0, 0, 0, 0, 0
2017-02-20, 0, 0, 0, 0, 0, 0, 0, 0
2017-02-27, 0, 0, 0, 0, 0, 0, 0, 0
2017-03-06, 0, 0, 0, 0, 0, 0, 0, 0
2017-03-13, 0, 0, 0, 0, 0, 0, 0, 0
2017-03-20, 0, 0, 0, 0, 0, 0, 0, 0
2017-03-27, 0, 0, 0, 0, 0, 0, 0, 0
2017-04-03, 0, 0, 0, 0, 0, 0, 0, 0
2017-04-10, 0, 0, 0, 0, 0, 0, 0, 0
2017-04-17, 0, 0, 0, 0, 0, 0, 0, 0
2017-04-24, 0, 0, 0, 0, 0, 0, 0, 0
2017-05-01, 0, 0, 0, 0, 0, 0, 0, 0
2017-05-08, 0, 0, 0, 0, 0, 0, 0, 0
2017-05-15, 0, 0, 0, 0, 0, 0, 0, 0
2017-05-22, 0, 0, 0, 0, 0, 0, 0, 0
2017-05-29, 0, 0, 0, 0, 0, 0, 0, 0
2017-06-05, 0, 0, 0, 0, 0, 0, 0, 0
2017-06-12, 0, 0, 0, 0, 0, 0, 0, 0
2017-06-19, 0, 0, 0, 0, 0, 0, 0, 0
2017-06-26, 0, 0, 0, 0, 0, 0, 0, 0
2017-07-03, 0, 0, 0, 0, 0, 0, 0, 0
2017-07-10, 0, 0, 0, 0, 0, 0, 0, 0
2017-07-17, 0, 0, 0, 0, 0, 0, 0, 0
2017-07-24, 0, 0, 0, 0, 0, 0, 0, 0
2017-07-31, 0, 0, 0, 0, 0, 0, 0, 0
2017-08-07, 0, 0, 0, 0, 0, 0, 0, 0
2017-08-14, 0, 0, 0, 0, 0, 0, 0, 0
2017-08-21, 0, 0, 0, 0, 0, 0, 0, 0
2017-08-28, 0, 0, 0, 0, 0, 0, 0, 0
2017-09-04, 0, 0, 0, 0, 0, 0, 0, 0
2017-09-11, 0, 0, 0, 0, 0, 0, 0, 0
2017-09-18, 0, 0, 0, 0, 0, 0, 0, 0
2017-09-25, 0, 0, 0, 0, 0, 0, 0, 0
2017-10-02, 0, 0, 0, 0, 0, 0, 0, 0
2017-10-09, 0, 0, 0, 0, 0, 0, 0, 0
2017-10-16, 0, 0, 0, 0, 0, 0, 0, 0
2017-10-23, 0, 0, 0, 0, 0, 0, 0, 0
2017-10-30, 0, 0, 0, 0, 0, 0, 0, 0
2017-11-06, 0, 0, 0, 0, 0, 0, 0, 0
2017-11-13, 0, 0, 0, 0, 0, 0, 0, 0
2017-11-20, 0, 0, 0, 0, 0, 0, 0, 0
2017-11-27, 0, 0, 0, 0, 0, 0, 0, 0
2017-12-04, 0, 0, 0, 0, 0, 0, 0, 0
2017-12-11, 0, 0, 0, 0, 0, 0, 0, 0
2017-12-18, 0, 0, 0, 0, 0, 0, 0, 0
2017-12-25, 0, 0, 0, 0, 0, 0, 0, 0
2018-01-01, 0, 0, 0, 0, 0, 0, 0, 0
2018-01-08, 0, 0, 0, 0, 0, 0, 0, 0
2018-01-15, 0, 0, 0, 0, 0, 0, 0, 0
2018-01-22, 0, 0, 0, 0, 0, 0, 0, 0
2018-01-29, 0, 0, 0, 0, 0, 0, 0, 0
2018-02-05, 0, 0, 0, 0, 0, 0, 0, 0
2018-02-12, 0, 0, 0, 0, 0, 0, 0, 0
2018-02-19, 0, 0, 0, 0, 0, 0, 0, 0
2018-02-26, 0, 0, 0, 0, 0, 0, 0, 0
2018-03-05, 0, 0, 0, 0, 0, 0, 0, 0
2018-03-12, 0, 0, 0, 0, 0, 0, 0, 0
2018-03-19, 0, 0, 0, 0, 0, 0, 0, 0
2018-03-26, 0, 0, 0, 0, 0, 0, 0, 0
2018-04-02, 0, 0, 0, 0, 0, 0, 0, 0
2018-04-09, 0, 0, 0, 0, 0, 0, 0, 0
2018-04-16, 0, 0, 0, 0, 0, 0, 0, 0
2018-04-23, 0, 0, 0, 0, 0, 0, 0, 0
2018-04-30, 0, 0, 0, 0, 0, 0, 0, 0
2018-05-07, 0, 0, 0, 0, 0, 0, 0, 0
2018-05-14, 0, 0, 0, 0, 0, 0, 0, 0
2018-05-21, 0, 0, 0, 0, 0, 0, 0, 0
2018-05-28, 0, 0, 0, 0, 0, 0, 0, 0
2018-06-04, 0, 0, 0, 0, 0, 0, 0, 0
2018-06-11, 0, 0, 0, 0, 0, 0, 0, 0
2018-06-18, 0, 0, 0, 0, 0, 0, 0, 0
2018-06-25, 0, 0, 0, 0, 0, 0, 0, 0
2018-07-02, 0, 0, 0, 0, 0, 0, 0, 0
2018-07-09, 0, 0, 0, 0, 0, 0, 0, 0
2018-07-16, 0, 0, 0, 0, 0, 0, 0, 0
2018-07-23, 0, 0, 0, 0, 0, 0, 0, 0
2018-07-30, 0, 0, 0, 0, 0, 0, 0, 0
2018-08-06, 0, 0, 0, 0, 0, 0, 0, 0
2018-08-13, 0, 0, 0, 0, 0, 0, 0, 0
2018-08-20, 0, 0, 0, 0, 0, 0, 0, 0
2018-08-27, 0, 0, 0, 0, 0, 0, 0, 0
2018-09-03, 0, 0, 0, 0, 0, 0, 0, 0
2018-09-10, 0, 0, 0, 0, 0, 0, 0, 0
2018-09-17, 0, 0, 0, 0, 0, 0, 0, 0
2018-09-24, 0, 0, 0, 0, 0, 0, 0, 0
2018-10-01, 0, 0, 0, 0, 0, 0, 0, 0
2018-10-08, 0, 0, 0, 0, 0, 0, 0, 0
2018-10-15, 0, 0, 0, 0, 0, 0, 0, 0
2018-10-22, 0, 0, 0, 0, 0, 0, 0, 0
2018-10-29, 0, 0, 0, 0, 0, 0, 0, 0
2018-11-05, 0, 0, 0, 0, 0, 0, 0, 0
2018-11-12, 0, 0, 0, 0, 0, 0, 0, 0
2018-11-19, 0, 0, 0, 0, 0, 0, 0, 0
2018-11-26, 0, 0, 0, 0, 0, 0, 0, 0
2018-12-03, 0, 0, 0, 0, 0, 0, 0, 0
2018-12-10, 0, 0, 0, 0, 0, 0, 0, 0
2018-12-17, 0, 0, 0, 0, 0, 0, 0, 0
2018-12-24, 0, 0, 0, 0, 0, 0, 0, 0
2018-12-31, 0, 0, 0, 0, 0, 0, 0, 0
2019-01-07, 0, 0, 0, 0, 0, 0, 0, 0
2019-01-14, 0, 0, 0, 0, 0, 0, 0, 0
2019-01-21, 0, 0, 0, 0, 0, 0, 0, 0
2019-01-28, 0, 0, 0, 0, 0, 0, 0, 0
2019-02-04, 0, 0, 0, 0, 0, 0, 0, 0
2019-02-11, 0, 0, 0, 0, 0, 0, 0, 0
2019-02-18, 0, 0, 0, 0, 0, 0, 0, 0
2019-02-25, 0, 0, 0, 0, 0, 0, 0, 0
2019-03-04, 0, 0, 0, 0, 0, 0, 0, 0
2019-03-11, 0, 0, 0, 0, 0, 0, 0, 0
2019-03-18, 0, 0, 0, 0, 0, 0, 0, 0
2019-03-25, 0, 0, 0, 0, 0, 0, 0, 0
2019-04-01, 0, 0, 0, 0, 0, 0, 0, 0
2019-04-08, 0, 0, 0, 0, 0, 0, 0, 0
2019-04-15, 0, 0, 0, 0, 0, 0, 0, 0
2019-04-22, 0, 0, 0, 0, 0, 0, 0, 0
2019-04-29, 0, 0, 0, 0, 0, 0, 0, 0
2019-05-06, 0, 0, 0, 0, 0, 0, 0, 0
2019-05-13, 0, 0, 0, 0, 0, 0, 0, 0
2019-05-20, 0, 0, 0, 0, 0, 0, 0, 0
2019-05-27, 0, 0, 0, 0, 0, 0, 0, 0
2019-06-03, 0, 0, 0, 0, 0, 0, 0, 0
2019-06-10, 0, 0, 0, 0, 0, 0, 0, 0
2019-06-17, 0, 0, 0, 0, 0, 0, 0, 0
2019-06-24, 0, 0, 0, 0, 0, 0, 0, 0
2019-07-01, 0, 0, 0, 0, 0, 0, 0, 0
2019-07-08, 0, 0, 0, 0, 0, 0, 0, 0
2019-07-15, 0, 0, 0, 0, 0, 0, 0, 0
2019-07-22, 0, 0, 0, 0, 0, 0, 0, 0
2019-07-29, 0, 0, 0, 0, 0, 0, 0, 0
2019-08-05, 0, 0, 0, 0, 0, 0, 0, 0
2019-08-12, 0, 0, 0, 0, 0, 0, 0, 0
2019-08-19, 0, 0, 0, 0, 0, 0, 0, 0
2019-08-26, 0, 0, 0, 0, 0, 0, 0, 0
2019-09-02, 0, 0, 0, 0, 0, 0, 0, 0
2019-09-09, 0, 0, 0, 0, 0, 0, 0, 0
2019-09-16, 0, 0, 0, 0, 0, 0, 0, 0
2019-09-23, 0, 0, 0, 0, 0, 0, 0, 0
2019-09-30, 0, 0, 0, 0, 0, 0, 0, 0
2019-10-07, 0, 0, 0, 0, 0, 0, 0, 0
2019-10-14, 0, 0, 0, 0, 0, 0, 0, 0
2019-10-21, 0, 0, 0, 0, 0, 0, 0, 0
2019-10-28, 0, 0, 0, 0, 0, 0, 0, 0
2019-11-04, 0, 0, 0, 0, 0, 0, 0, 0
2019-11-11, 0, 0, 0, 0, 0, 0, 0, 0
2019-11-18, 0, 0, 0, 0, 0, 0, 0, 0
2019-11-25, 0, 0, 0, 0, 0, 0, 0, 0
2019-12-02, 0, 0, 0, 0, 0, 0, 0, 0
2019-12-09, 0, 0, 0, 0, 0, 0, 0, 0
2019-12-16, 0, 0, 0, 0, 0, 0, 0, 0
2019-12-23, 0, 0, 0, 0, 0, 0, 0, 0
2019-12-30, 0, 0, 0, 0, 0, 0, 0, 0
2020-01-06, 0, 0, 0, 0, 0, 0, 0, 0
2020-01-13, 0, 0, 0, 0, 0, 0, 0, 0
2020-01-20, 0, 0, 0, 0, 0, 0, 0, 0
2020-01-27, 0, 0, 0, 0, 0, 0, 0, 0
2020-02-03, 0, 0, 0, 0, 0, 0, 0, 0
2020-02-10, 0, 0, 0, 0, 0, 0, 0, 0
2020-02-17, 0, 0, 0, 0, 0, 0, 0, 0
2020-02-24, 0, 0, 0, 0, 0, 0, 0, 0
2020-03-02, 0, 0, 0, 0, 0, 0, 0, 0
2020-03-09, 0, 0, 0, 0, 0, 0, 0, 0
2020-03-16, 0, 0, 0, 0, 0, 0, 0, 0
2020-03-23, 0, 0, 0, 0, 0, 0, 0, 0
2020-03-30, 0, 0, 0, 0, 0, 0, 0, 0
2020-04-06, 0, 0, 0, 0, 0, 0, 0, 0
2020-04-13, 0, 0, 0, 0, 0, 0, 0, 0
2020-04-20, 0, 0, 0, 0, 0, 0, 0, 0
2020-04-27, 0, 0, 0, 0, 0, 0, 0, 0
2020-05-04, 0, 0, 0, 0, 0, 0, 0, 0
2020-05-11, 0, 0, 0, 0, 0, 0, 0, 0
2020-05-18, 0, 0, 0, 0, 0, 0, 0, 0
2020-05-25, 0, 0, 0, 0, 0, 0, 0, 0
2020-06-01, 0, 0, 0, 0, 0, 0, 0, 0
2020-06-08, 0, 0, 0, 0, 0, 0, 0, 0
2020-06-15, 0, 0, 0, 0, 0, 0, 0, 0
2020-06-22, 0, 0, 0, 0, 0, 0, 0, 0
2020-06-29, 0, 0, 0, 0, 0, 0, 0, 0
2020-07-06, 0, 0, 0, 0, 0, 0, 0, 0
2020-07-13, 0, 0, 0, 0, 0, 0, 0, 0
2020-07-20, 0, 0, 0, 0, 0, 0, 0, 0
2020-07-27, 0, 0, 0, 0, 0, 0, 0, 0
2020-08-03, 0, 0, 0, 0, 0, 0, 0, 0
2020-08-10, 0, 0, 0, 0, 0, 0, 0, 0
2020-08-17, 0, 0, 0, 0, 0, 0, 0, 0
2020-08-24, 0, 0, 0, 0, 0, 0, 0, 0
2020-08-31, 0, 0, 0, 0, 0, 0, 0, 0
2020-09-07, 0, 0, 0, 0, 0, 0, 0, 0
2020-09-14, 0, 0, 0, 0, 0, 0, 0, 0
2020-09-21, 0, 0, 0, 0, 0, 0, 0, 0
2020-09-28, 0, 0, 0, 0, 0, 0, 0, 0
2020-10-05, 0, 0, 0, 0, 0, 0, 0, 0
2020-10-12, 0, 0, 0, 0, 0, 0, 0, 0
2020-10-19, 0, 0, 0, 0, 0, 0, 0, 0
2020-10-26, 0, 0, 0, 0, 0, 0, 0, 0
2020-11-02, 0, 0, 0, 0, 0, 0, 0, 0
2020-11-09, 0, 0, 0, 0, 0, 0, 0, 0
2020-11-16, 0, 0, 0, 0, 0, 0, 0, 0
2020-11-23, 0, 0, 0, 0, 0, 0, 0, 0
2020-11-30, 0, 0, 0, 0, 0, 0, 0, 0
2020-12-07, 0, 0, 0, 0, 0, 0, 0, 0
2020-12-14, 0, 0, 0, 0, 0, 0, 0, 0
2020-12-21, 0, 0, 0, 0, 0, 0, 0, 0
2020-12-28, 0, 0, 0, 0, 0, 0, 0, 0
2021-01-04, 0, 0, 0, 0, 0, 0, 0, 0
2021-01-11, 0, 0, 0, 0, 0, 0, 0, 0
2021-01-18, 0, 0, 0, 0, 0, 0, 0, 0
2021-01-25, 0, 0, 0, 0, 0, 0, 0, 0
2021-02-01, 0, 0, 0, 0, 0, 0, 0, 0
2021-02-08, 0, 0, 0, 0, 0, 0, 0, 0
2021-02-15, 0, 0, 0, 0, 0, 0, 0, 0
2021-02-22, 0, 0, 0, 0, 0, 0, 0, 0
2021-03-01, 0, 0, 0, 0, 0, 0, 0, 0
2021-03-08, 0, 0, 0, 0, 0, 0, 0, 0
2021-03-15, 0, 0, 0, 0, 0, 0, 0, 0
2021-03-22, 0, 0, 0, 0, 0, 0, 0, 0
2021-03-29, 0, 0, 0, 0, 0, 0, 0, 0
2021-04-05, 0, 0, 0, 0, 0, 0, 0, 0
2021-04-12, 0, 0, 0, 0, 0, 0, 0, 0
2021-04-19, 0, 0, 0, 0, 0, 0, 0, 0
2021-04-26, 0, 0, 0, 0, 0, 0, 0, 0
2021-05-03, 0, 0, 0, 0, 0, 0, 0, 0
2021-05-10, 0, 0, 0, 0, 0, 0, 0, 0
2021-05-17, 0, 0, 0, 0, 0, 0, 0, 0
2021-05-24, 0, 0, 0, 0, 0, 0, 0, 0
2021-05-31, 0, 0, 0, 0, 0, 0, 0, 0
2021-06-07, 0, 0, 0, 0, 0, 0, 0, 0
2021-06-14, 0, 0, 0, 0, 0, 0, 0, 0
2021-06-21, 0, 0, 0, 0, 0, 0, 0, 0
2021-06-28, 0, 0, 0, 0, 0, 0, 0, 0
2021-07-05, 0, 0, 0, 0, 0, 0, 0, 0
2021-07-12, 0, 0, 0, 0, 0, 0, 0, 0
2021-07-19, 0, 0, 0, 0, 0, 0, 0, 0
2021-07-26, 0, 0, 0, 0, 0, 0, 0, 0
2021-08-02, 0, 0, 0, 0, 0, 0, 0, 0
2021-08-09, 0, 0, 0, 0, 0, 0, 0, 0
2021-08-16, 0, 0, 0, 0, 0, 0, 0, 0
2021-08-23, 0, 0, 0, 0, 0, 0, 0, 0
2021-08-30, 0, 0, 0, 0, 0, 0, 0, 0
2021-09-06, 0, 0, 0, 0, 0, 0, 0, 0
2021-09-13, 0, 0, 0, 0, 0, 0, 0, 0
2021-09-20, 0, 0, 0, 0, 0, 0, 0, 0
2021-09-27, 0, 0, 0, 0, 0, 0, 0, 0
2021-10-04, 0, 0, 0, 0, 0, 0, 0, 0
2021-10-11, 0, 0, 0, 0, 0, 0, 0, 0
2021-10-18, 0, 0, 0, 0, 0, 0, 0, 0
2021-10-25, 0, 0, 0, 0, 0, 0, 0, 0
2021-11-01, 0, 0, 0, 0, 0, 0, 0, 0
2021-11-08, 0, 0, 0, 0, 0, 0, 0, 0
2021-11-15, 0, 0, 0, 0, 0, 0, 0, 0
2021-11-22, 0, 0, 0, 0, 0, 0, 0, 0
2021-11-29, 0, 0, 0, 0, 0, 0, 0, 0
2021-12-06, 0, 0, 0, 0, 0, 0, 0, 0
2021-12-13, 0, 0, 0, 0, 0, 0, 0, 0
2021-12-20, 0, 0, 0, 0, 0, 0, 0, 0
2021-12-27, 0, 0, 0, 0, 0, 0, 0, 0
2022-01-03, 0, 0, 0, 0, 0, 0, 0, 0
2022-01-10, 0, 0, 0, 0, 0, 0, 0, 0
2022-01-17, 0, 0, 0, 0, 0, 0, 0, 0
2022-01-24, 0, 0, 0, 0, 0, 0, 0, 0
2022-01-31, 0, 0, 0, 0, 0, 0, 0, 0
2022-02-07, 0, 0, 0, 0, 0, 0, 0, 0
2022-02-14, 0, 0, 0, 0, 0, 0, 0, 0
2022-02-21, 0, 0, 0, 0, 0, 0, 0, 0
2022-02-28, 0, 0, 0, 0, 0, 0, 0, 0
2022-03-07, 0, 0, 0, 0, 0, 0, 0, 0
2022-03-14, 0, 0, 0, 0, 0, 0, 0, 0
2022-03-21, 0, 0, 0, 0, 0, 0, 0, 0
2022-03-28, 0, 0, 0, 0, 0, 0, 0, 0
2022-04-04, 0, 0, 0, 0, 0, 0, 0, 0
2022-04-11, 0, 0, 0, 0, 0, 0, 0, 0
2022-04-18, 0, 0, 0, 0, 0, 0, 0, 0
2022-04-25, 0, 0, 0, 0, 0, 0, 0, 0
2022-05-02, 0, 0, 0, 0, 0, 0, 0, 0
2022-05-09, 0, 0, 0, 0, 0, 0, 0, 0
2022-05-16, 0, 0, 0, 0, 0, 0, 0, 0
2022-05-23, 0, 0, 0, 0, 0, 0, 0, 0
2022-05-30, 0, 0, 0, 0, 0, 0, 0, 0
2022-06-06, 0, 0, 0, 0, 0, 0, 0, 0
2022-06-13, 0, 0, 0, 0, 0, 0, 0, 0
2022-06-20, 0, 0, 0, 0, 0, 0, 0, 0
2022-06-27, 0, 0, 0, 0, 0, 0, 0, 0
2022-07-04, 0, 0, 0, 0, 0, 0, 0, 0
2022-07-11, 0, 0, 0, 0, 0, 0, 0, 0
2022-07-18, 0, 0, 0, 0, 0, 0, 0, 0
2022-07-25, 0, 0, 0, 0, 0, 0, 0, 0
2022-08-01, 0, 0, 0, 0, 0, 0, 0, 0
2022-08-08, 0, 0, 0, 0, 0, 0, 0, 0
2022-08-15, 0, 0, 0, 0, 0, 0, 0, 0
2022-08-22, 0, 0, 0, 0, 0, 0, 0, 0
2022-08-29, 0, 0, 0, 0, 0, 0, 0, 0
2022-09-05, 0, 0, 0, 0, 0, 0, 0, 0
2022-09-12, 0, 0, 0, 0, 0, 0, 0, 0
2022-09-19, 0, 0, 0, 0, 0, 0, 0, 0
2022-09-26, 0, 0, 0, 0, 0, 0, 0, 0
2022-10-03, 0, 0, 0, 0, 0, 0, 0, 0
2022-10-10, 0, 0, 0, 0, 0, 0, 0, 0
2022-10-17, 0, 0, 0, 0, 0, 0, 0, 0
2022-10-24, 0, 0, 0, 0, 0, 0, 0, 0
2022-10-31, 0, 0, 0, 0, 0, 0, 0, 0
2022-11-07, 0, 0, 0, 0, 0, 0, 0, 0
2022-11-14, 0, 0, 0, 0, 0, 0, 0, 0
2022-11-21, 0, 0, 0, 0, 0, 0, 0, 0
2022-11-28, 0, 0, 0, 0, 0, 0, 0, 0
2022-12-05, 0, 0, 0, 0, 0, 0, 0, 0
2022-12-12, 0, 0, 0, 0, 0, 0, 0, 0
2022-12-19, 0, 0, 0, 0, 0, 0, 0, 0
2022-12-26, 0, 0, 0, 0, 0, 0, 0, 0
2023-01-02, 0, 0, 0, 0, 0, 0, 0, 0
2023-01-09, 0, 0, 0, 0, 0, 0, 0, 0
2023-01-16, 0, 0, 0, 0, 0, 0, 0, 0
2023-01-23, 0, 0, 0, 0, 0, 0, 0, 0
2023-01-30, 0, 0, 0, 0, 0, 0, 0, 0
2023-02-06, 0, 0, 0, 0, 0, 0, 0, 0
2023-02-13, 0, 0, 0, 0, 0, 0, 0, 0
2023-02-20, 0, 0, 0, 0, 0, 0, 0, 0
2023-02-27, 0, 0, 0, 0, 0, 0, 0, 0
2023-03-06, 0, 0, 0, 0, 0, 0, 0, 0
2023-03-13, 0, 0, 0, 0, 0, 0, 0, 0
2023-03-20, 0, 0, 0, 0, 0, 0, 0, 0
2023-03-27, 0, 0, 0, 0, 0, 0, 0, 0
2023-04-03, 0, 0, 0, 0, 0, 0, 0, 0
2023-04-10, 0, 0, 0, 0, 0, 0, 0, 0
2023-04-17, 0, 0, 0, 0, 0, 0, 0, 0
2023-04-24, 0, 0, 0, 0, 0, 0, 0, 0
2023-05-01, 0, 0, 0, 0, 0, 0, 0, 0
2023-05-08, 0, 0, 0, 0, 0, 0, 0, 0
2023-05-15, 0, 0, 0, 0, 0, 0, 0, 0
2023-05-22, 0, 0, 0, 0, 0, 0, 0, 0
2023-05-29, 0, 0, 0, 0, 0, 0, 0, 0
2023-06-05, 0, 0, 0, 0, 0, 0, 0, 0
2023-06-12, 0, 0, 0, 0, 0, 0, 0, 0
2023-06-19, 0, 0, 0, 0, 0, 0, 0, 0
2023-06-26, 0, 0, 0, 0, 0, 0, 0, 0
2023-07-03, 0, 0, 0, 0, 0, 0, 0, 0
2023-07-10, 0, 0, 0, 0, 0, 0, 0, 0
2023-07-17, 0, 0, 0, 0, 0, 0, 0, 0
2023-07-24, 0, 0, 0, 0, 0, 0, 0, 0
2023-07-31, 0, 0, 0, 0, 0, 0, 0, 0
2023-08-07, 0, 0, 0, 0, 0, 0, 0, 0
2023-08-14, 0, 0, 0, 0, 0, 0, 0, 0
2023-08-21, 0, 0, 0, 0, 0, 0, 0, 0
2023-08-28, 0, 0, 0, 0, 0, 0, 0, 0
2023-09-04, 0, 0, 0, 0, 0, 0, 0, 0
2023-09-11, 0, 0, 0, 0, 0, 0, 0, 0
2023-09-18, 0, 0, 0, 0, 0, 0, 0, 0
2023-09-25, 0, 0, 0, 0, 0, 0, 0, 0
2023-10-02, 0, 0, 0, 0, 0, 0, 0, 0
2023-10-09, 0, 0, 0, 0, 0, 0, 0, 0
2023-10-16, 0, 0, 0, 0, 0, 0, 0, 0
2023-10-23, 0, 0, 0, 0, 0, 0, 0, 0
2023-10-30, 0, 0, 0, 0, 0, 0, 0, 0
2023-11-06, 0, 0, 0, 0, 0, 0, 0, 0
2023-11-13, 0, 0, 0, 0, 0, 0, 0, 0
2023-11-20, 0, 0, 0, 0, 0, 0, 0, 0
2023-11-27, 0, 0, 0, 0, 0, 0, 0, 0
2023-12-04, 0, 0, 0, 0, 0, 0, 0, 0
2023-12-11, 0, 0, 0, 0, 0, 0, 0, 0
2023-12-18, 0, 0, 0, 0, 0, 0, 0, 0
2023-12-25, 0, 0, 0, 0, 0, 0, 0, 0
2024-01-01, 0, 0, 0, 0, 0, 0, 0, 0
2024-01-08, 0, 0, 0, 0, 0, 0, 0, 0
2024-01-15, 0, 0, 0, 0, 0, 0, 0, 0
2024-01-22, 0, 0, 0, 0, 0, 0, 0, 0
2024-01-29, 0, 0, 0, 0, 0, 0, 0, 0
2024-02-05, 0, 0, 0, 0, 0, 0, 0, 0
2024-02-12, 0, 0, 0, 0, 0, 0, 0, 0
2024-02-19, 0, 0, 0, 0, 0, 0, 0, 0
2024-02-26, 0, 0, 0, 0, 0, 0, 0, 0
2024-03-04, 0, 0, 0, 0, 0, 0, 0, 0
2024-03-11, 0, 0, 0, 0, 0, 0, 0, 0
2024-03-18, 0, 0, 0, 0, 0, 0, 0, 0
2024-03-25, 0, 0, 0, 0, 0, 0, 0, 0
2024-04-01, 0, 0, 0, 0, 0, 0, 0, 0
2024-04-08, 0, 0, 0, 0, 0, 0, 0, 0
2024-04-15, 0, 0, 0, 0, 0, 0, 0, 0
2024-04-22, 0, 0, 0, 0, 0, 0, 0, 0
2024-04-29, 0, 0, 0, 0, 0, 0, 0, 0
2024-05-06, 0, 0, 0, 0, 0, 0, 0, 0
2024-05-13, 0, 0, 0, 0, 0, 0, 0, 0
2024-05-20, 0, 0, 0, 0, 0, 0, 0, 0
2024-05-27, 0, 0, 0, 0, 0, 0, 0, 0
2024-06-03, 0, 0, 0, 0, 0, 0, 0, 0
2024-06-10, 0, 0, 0, 0, 0, 0, 0, 0
2024-06-17, 0, 0, 0, 0, 0, 0, 0, 0
2024-06-24, 0, 0, 0, 0, 0, 0, 0, 0
2024-07-01, 0, 0, 0, 0, 0, 0, 0, 0
2024-07-08, 0, 0, 0, 0, 0, 0, 0, 0
2024-07-15, 0, 0, 0, 0, 0, 0, 0, 0
2024-07-22, 0, 0, 0, 0, 0, 0, 0, 0
2024-07-29, 0, 0, 0, 0, 0, 0, 0, 0
2024-08-05, 0, 0, 0, 0, 0, 0, 0, 0
2024-08-12, 0, 0, 0, 0, 0, 0, 0, 0
2024-08-19, 0, 0, 0, 0, 0, 0, 0, 0
2024-08-26, 0, 0, 0, 0, 0, 0, 0, 0
2024-09-02, 0, 0, 0, 0, 0, 0, 0, 0
2024-09-09, 0, 0, 0, 0, 0, 0, 0, 0
2024-09-16, 0, 0, 0, 0, 0, 0, 0, 0
2024-09-23, 0, 0, 0, 0, 0, 0, 0, 0
2024-09-30, 0, 0, 0, 0, 0, 0, 0, 0
2024-10-07, 0, 0, 0, 0, 0, 0, 0, 0
2024-10-14, 0, 0, 0, 0, 0, 0, 0, 0
2024-10-21, 0, 0, 0, 0, 0, 0, 0, 0
2024-10-28, 0, 0, 0, 0, 0, 0, 0, 0
2024-11-04, 0, 0, 0, 0, 0, 0, 0, 0
2024-11-11, 0, 0, 0, 0, 0, 0, 0, 0
2024-11-18, 0, 0, 0, 0, 0, 0, 0, 0
2024-11-25, 0, 0, 0, 0, 0, 0, 0, 0
2024-12-02, 0, 0, 0, 0, 0, 0, 0, 0
2024-12-09, 0, 0, 0, 0, 0, 0, 0, 0
2024-12-16, 0, 0, 0, 0, 0, 0, 0, 0
2024-12-23, 0, 0, 0, 0, 0, 0, 0, 0
2024-12-30, 0, 0, 0, 0, 0, 0, 0, 0
2025-01-06, 0, 0, 0, 0, 0, 0, 0, 0
2025-01-13, 0, 0, 0, 0, 0, 0, 0, 0
2025-01-20, 0, 0, 0, 0, 0, 0, 0, 0
2025-01-27, 0, 0, 0, 0, 0, 0, 0, 0
2025-02-03, 0, 0, 0, 0, 0, 0, 0, 0
2025-02-10, 0, 0, 0, 0, 0, 0, 0, 0
2025-02-17, 0, 0, 0, 0, 0, 0, 0, 0
2025-02-24, 0, 0, 0, 0, 0, 0, 0, 0
2025-03-03, 0, 0, 0, 0, 0, 0, 0, 0
2025-03-10, 0, 0, 0, 0, 0, 0, 0, 0
2025-03-17, 0, 0, 0, 0, 0, 0, 0, 0
2025-03-24, 0, 0, 0, 0, 0, 0, 0, 0
2025-03-31, 0, 0, 0, 0, 0, 0, 0, 0
2025-04-07, 0, 0, 0, 0, 0, 0, 0, 0
2025-04-14, 0, 0, 0, 0, 0, 0, 0, 0
2025-04-21, 0, 0, 0, 0, 0, 0, 0, 0
2025-04-28, 0, 0, 0, 0, 0, 0, 0, 0
2025-05-05, 0, 0, 0, 0, 0, 0, 0, 0
2025-05-12, 0, 0, 0, 0, 0, 0, 0, 0
2025-05-19, 0, 0, 0, 0, 0, 0, 0, 0
2025-05-26, 0, 0, 0, 0, 0, 0, 0, 0
2025-06-02, 0, 0, 0, 0, 0, 0, 0, 0
2025-06-09, 0, 0, 0, 0, 0, 0, 0, 0
2025-06-16, 0, 0, 0, 0, 0, 0, 0, 0
2025-06-23, 0, 0, 0, 0, 0, 0, 0, 0
2025-06-30, 0, 0, 0, 0, 0, 0, 0, 0
2025-07-07, 0, 0, 0, 0, 0, 0, 0, 0
2025-07-14, 0, 0, 0, 0, 0, 0, 0, 0
2025-07-21, 0, 0, 0, 0, 0, 0, 0, 0
2025-07-28, 0, 0, 0, 0, 0, 0, 0, 0
2025-08-04, 0, 0, 0, 0, 0, 0, 0, 0
2025-08-11, 0, 0, 0, 0, 0, 0, 0, 0
2025-08-18, 0, 0, 0, 0, 0, 0, 0, 0
2025-08-25, 0, 0, 0, 0, 0, 0, 0, 0
2025-09-01, 0, 0, 0, 0, 0, 0, 0, 0
2025-09-08, 0, 0, 0, 0, 0, 0, 0, 0
2025-09-15, 0, 0, 0, 0, 0, 0, 0, 0
2025-09-22, 0, 0, 0, 0, 0, 0, 0, 0
2025-09-29, 0, 0, 0, 0, 0, 0, 0, 0
2025-10-06, 0, 0, 0, 0, 0, 0, 0, 0
2025-10-13, 0, 0, 0, 0, 0, 0, 0, 0
2025-10-20, 0, 0, 0, 0, 0, 0, 0, 0
2025-10-27, 0, 0, 0, 0, 0, 0, 0, 0
2025-11-03, 3, 5, 1, 0, 0, 0, 0, 1297
2025-11-10, 16, 21, 2, 0, 0, 0, 0, 2005
2025-11-17, 25, 23, 2, 0, 0, 0, 0, 2090
2025-11-24, 33, 21, 1, 0, 0, 0, 0, 2092
2025-12-01, 33, 15, 0, 0, 0, 0, 0, 1677
2025-12-08, 31, 12, 2, 0, 0, 0, 0, 777
2025-12-15, 28, 13, 2, 0, 0, 0, 0, 910
2025-12-22, 36, 26, 14, 0, 0, 0, 0, 2576
2025-12-29, 38, 41, 23, 0, 0, 0, 0, 2628
2026-01-05, 49, 51, 26, 0, 0, 0, 0, 3058
2026-01-12, 50, 51, 37, 0, 0, 0, 0, 2739
2026-01-19, 49, 55, 41, 0, 0, 0, 0, 2614
2026-01-26, 49, 56, 38, 0, 0, 0, 0, 2016
2026-02-02, 49, 55, 33, 0, 0, 0, 0, 2272
2026-02-09, 47, 57, 36, 0, 0, 0, 0, 2240
2026-02-16, 44, 56, 29, 0, 0, 0, 0, 2705
2026-02-23, 45, 58, 21, 0, 0, 0, 0, 2921
2026-03-02, 48, 52, 24, 0, 0, 0, 0, 2722
2026-03-09, 51, 49, 29, 0, 0, 0, 0, 2478
2026-03-16, 65, 43, 26, 0, 0, 0, 0, 3077
2026-03-23, 64, 29, 22, 0, 0, 0, 0, 1895
2026-03-30, 63, 27, 21, 0, 0, 0, 0, 2960
2026-04-06, 56, 28, 18, 0, 0, 0, 0, 2543
2026-04-13, 51, 29, 13, 0, 0, 0, 0, 1390
2026-04-20, 46, 34, 10, 0, 0, 0, 0, 1734
2026-04-27, 55, 40, 7, 0, 0, 0, 0, 2864
2026-05-04, 61, 47, 4, 0, 0, 0, 0, 2818
2026-05-11, 67, 53, 5, 0, 0, 0, 0, 2879
2026-05-18, 65, 53, 6, 0, 0, 0, 0, 2693
2026-05-25, 70, 50, 3, 0, 0, 0, 0, 2029
2026-06-01, 76, 45, 2, 0, 0, 0, 0, 2147
2026-06-08, 72, 35, 3, 3, 2, 0, 0, 1572
2026-06-15, 63, 40, 2, 3, 2, 0, 0, 1610
2026-06-22, 64, 41, 2, 3, 2, 0, 0, 1334
2026-06-29, 68, 45, 1, 3, 2, 0, 0, 1282
2026-07-06, 56, 52, 1, 3, 2, 0, 0, 1752